Literatúra;Literatúra
Fyzika;Fyzika
Isaac_Newton;Anglickí_fyzici;Anglickí_matematici;Optici;Alchymisti;Okultisti;Prezidenti_Kráľovskej_spoločnosti
Václav_Havel;Úmrtia_v_2011;Českí_politici;Prezidenti_Česka;Prezidenti_Česko-Slovenska;Českí_dramatici;Signatári_Charty_77;Politickí_väzni_komunistického_režimu_v_Česko-Slovensku;Disidenti_v_komunistickom_Česko-Slovensku;Nositelia_Rádu_čestnej_légie;Osobnosti_z_Prahy
Zoznam_štátov;Zoznamy_štátov
RTFM;Internetový_slang
Taekkyon;Bojové_umenia
Francúzsko;Členovia_NATO;Členovia_OSN;Štáty_v_Európe;Francúzsko
Weblog;World_Wide_Web;Elektronická_komunikácia;Blogy
Turingov_test;Umelá_inteligencia
Trnava;Okres_Trnava;Mestá_na_Slovensku;Trnavský_kraj;Mestské_pamiatkové_rezervácie_na_Slovensku;Mestá_v_Trnavskom_kraji
Tibetská_kniha_mŕtvych;Budhizmus;Tibetský_budhizmus
Bönizmus;Náboženstvo_a_teológia;Tibet
