"AccessibleComputing","Redirects_with_old_history","Unprintworthy_redirects"
"Anarchism","Anarchism","Anti-capitalism","Anti-fascism","Articles_containing_Ancient_Greek-language_text","Articles_containing_Spanish-language_text","Articles_with_DMOZ_links","Articles_with_French-language_external_links","Articles_with_inconsistent_citation_formats","Far-left_politics","Good_articles","Political_culture","Political_ideologies","Social_theories","Use_British_English_from_January_2014","Wikipedia_indefinitely_move-protected_pages"
"AfghanistanHistory","Redirects_with_old_history","Unprintworthy_redirects"
"AfghanistanGeography","Redirects_with_old_history","Unprintworthy_redirects"
"AfghanistanPeople","Redirects_with_old_history","Unprintworthy_redirects"
"AfghanistanCommunications","Redirects_with_old_history","Unprintworthy_redirects"
"AfghanistanTransportations","Redirects_with_old_history","Unprintworthy_redirects"
"AfghanistanMilitary","Redirects_with_old_history","Unprintworthy_redirects"
"AfghanistanTransnationalIssues","Redirects_with_old_history"
"AssistiveTechnology",
"AmoeboidTaxa",
"Autism",
"AlbaniaHistory",
"AlbaniaPeople",
"AsWeMayThink",
"AlbaniaGovernment",
"AlbaniaEconomy",
"Albedo",
"AfroAsiaticLanguages",
"ArtificalLanguages",
"AbacuS",
"AbalonE",
"AbbadideS",
"AbbesS",
"AbbevilleFrance",
"AbbeY",
"AbboT",
"Abbreviations",
"AtlasShrugged",
"ArtificialLanguages",
"AtlasShruggedCharacters",
"AtlasShruggedCompanies",
"AyersMusicPublishingCompany",
"Atlas_Shrugged",
"AfricanAmericanPeople",
"AdolfHitler",
"AbeceDarians",
"AbeL",
"AbensbergGermany",
"AberdeenSouthDakota",
"ArthurKoestler",
"AynRand",
"AlexanderTheGreat",
"AnchorageAlaska",
"ArgumentForms",
"ArgumentsForTheExistenceOfGod",
"AnarchY",
"AsciiArt",
"AcademyAwards",
"AcademyAwards/BestPicture",
"AustriaLanguage",
"AcademicElitism",
"AxiomOfChoice",
"AmericanFootball",
"AmericA",
"AnnaKournikova",
"AndorrA",
"AustroAsiaticLanguages",
"ActresseS",
"A",
"AnarchoCapitalism",
"AnarchoCapitalists",
"AnonymousCoward",
"ActressesS",
"AnAmericanInParis",
"AutoMorphism",
"ActionFilm",
"Alabama",
"AfricA",
"Achilles",
"AppliedStatistics",
"Abraham_Lincoln",
"Aristotle",
"An_American_in_Paris",
"Academy_Award_for_Best_Production_Design",
"Academy_Awards",
"Action_Film",
"Actrius",
"Animalia_(book)",
"International_Atomic_Time",
"Altruism",
"AutoRacing",
"Ayn_Rand",
"Alain_Connes",
"Allan_Dwan",
"Algeria/People",
"Algeria/Transnational_Issues",
